<context name="${domain_name}">
	<extension name="extension-to-voicemail" number="[ext]" continue="false" app_uuid="8a2e7b81-996c-4d6b-87df-b879b972a572" global="true" order="310">
		<condition field="${user_exists}" expression="^true$" />
		<condition field="username" expression="^${caller_id_number}$" />
		<condition field="destination_number" expression="^${caller_id_number}$">
			<action application="answer"/>
			<action application="sleep" data="1000"/>
			<action application="set" data="record_append=false"/>
			<action application="set" data="voicemail_action=check"/>
			<action application="set" data="voicemail_id=${caller_id_number}"/>
			<action application="set" data="voicemail_profile=default"/>
			<action application="lua" data="app.lua voicemail"/>
			<!--<action application="voicemail" data="default ${domain_name} ${caller_id_number}"/>-->
		</condition>
	</extension>
</context>
