﻿<context name="{v_context}">
	<extension name="att_xfer" number="att_xfer" continue="false" app_uuid="7bd7a113-0afc-406a-b4a7-33077c22ac39" order="310">
		<condition field="destination_number" expression="^att_xfer$">
			<action application="read" data="2 6 'tone_stream://%(10000,0,350,440)' digits 30000 #"/>
			<action application="set" data="origination_cancel_key=#"/>
			<!-- sends it to the correct domain but public context-->
			<!--<action application="set" data="domain_name=${transfer_context}"/>-->
			<!--<action application="att_xfer" data="sofia/internal/${digits}@${transfer_context}"/>-->
			<action application="att_xfer" data="user/${digits}@${domain_name}"/>
		</condition>
	</extension>
</context>
